epoch,loss,encoder_mse,dec_bce,balance_loss,router_z_loss,router_entropy,router_grad_norm,expert_w_cos,balance_alpha,bitwise-error,adversarial_bce,discr_cover_bce,discr_encod_bce,expert_max_use,expert_max_sel,expert_load_0,expert_load_1,expert_load_2,expert_load_3,expert_load_4,expert_load_5,expert_load_6,expert_load_7,duration
1,0.5133,0.0037,0.4596,1.1253,0.3644,2.0420,0.0542,-0.0013,0.0400,0.1823,4.2870,0.0539,0.0527,0.2787,0.8361,0.1169,0.0742,0.0884,0.2681,0.1084,0.0868,0.1591,0.0982,344
2,0.3618,0.0037,0.2941,1.4017,0.0134,1.9246,0.0637,0.0205,0.0427,0.1139,5.3176,0.0419,0.0394,0.3333,1.0000,0.0987,0.0790,0.0836,0.3333,0.0976,0.0840,0.1329,0.0908,342
3,0.3434,0.0036,0.2708,1.4012,0.0120,1.9276,0.0581,0.0577,0.0453,0.1104,6.5040,0.0116,0.0106,0.3333,1.0000,0.0966,0.0852,0.0871,0.3333,0.0969,0.0879,0.1204,0.0926,342
4,0.3366,0.0037,0.2611,1.3887,0.0125,1.9375,0.0566,0.1138,0.0480,0.1085,6.1428,0.0387,0.0390,0.3333,1.0000,0.0950,0.0890,0.0904,0.3333,0.0953,0.0906,0.1126,0.0937,343
5,0.3324,0.0037,0.2515,1.3905,0.0132,1.9371,0.0573,0.1849,0.0507,0.1040,7.7493,0.0035,0.0033,0.3333,1.0000,0.0950,0.0918,0.0928,0.3333,0.0950,0.0926,0.1066,0.0930,342
6,0.3263,0.0036,0.2421,1.3881,0.0142,1.9393,0.0592,0.2460,0.0533,0.0996,7.5348,0.0227,0.0212,0.3333,1.0000,0.0943,0.0931,0.0934,0.3333,0.0945,0.0928,0.1032,0.0954,342
7,0.3223,0.0037,0.2347,1.3739,0.0146,1.9486,0.0591,0.2366,0.0560,0.0955,7.9617,0.0065,0.0060,0.3333,1.0000,0.0943,0.0940,0.0951,0.3333,0.0961,0.0935,0.1000,0.0937,341
8,0.3179,0.0037,0.2265,1.3663,0.0142,1.9534,0.0611,0.1451,0.0587,0.0920,8.4994,0.0056,0.0050,0.3333,1.0000,0.0949,0.0943,0.0954,0.3333,0.0955,0.0947,0.0966,0.0953,339
9,0.3125,0.0036,0.2185,1.3562,0.0145,1.9597,0.0603,0.0554,0.0613,0.0873,8.1495,0.0247,0.0223,0.3333,1.0000,0.0949,0.0947,0.0949,0.3333,0.0953,0.0951,0.0967,0.0951,336
10,0.3077,0.0038,0.2108,1.3444,0.0142,1.9668,0.0628,0.0008,0.0640,0.0833,8.1074,0.0050,0.0048,0.3333,1.0000,0.0960,0.0954,0.0948,0.3333,0.0955,0.0945,0.0956,0.0949,333
11,0.3062,0.0038,0.2065,1.3291,0.0144,1.9757,0.0630,-0.0097,0.0667,0.0811,8.3454,0.0152,0.0154,0.3333,1.0000,0.0959,0.0951,0.0948,0.3333,0.0958,0.0955,0.0949,0.0947,330
12,0.3010,0.0036,0.1991,1.3192,0.0135,1.9813,0.0646,-0.0021,0.0693,0.0777,7.7807,0.0260,0.0213,0.3333,1.0000,0.0957,0.0942,0.0959,0.3333,0.0945,0.0963,0.0949,0.0952,328
13,0.3010,0.0038,0.1957,1.3093,0.0131,1.9868,0.0652,-0.0009,0.0720,0.0755,8.2945,0.0186,0.0177,0.3333,1.0000,0.0948,0.0954,0.0952,0.3333,0.0942,0.0956,0.0954,0.0961,326
14,0.2959,0.0037,0.1850,1.3147,0.0121,1.9839,0.0679,-0.0001,0.0747,0.0701,10.0252,0.0013,0.0013,0.3333,1.0000,0.0951,0.0953,0.0953,0.3333,0.0952,0.0949,0.0952,0.0957,326
15,0.2921,0.0036,0.1773,1.3129,0.0123,1.9847,0.0653,0.0001,0.0773,0.0654,10.6203,0.0010,0.0010,0.3333,1.0000,0.0953,0.0950,0.0958,0.3333,0.0955,0.0947,0.0951,0.0953,326
16,0.2862,0.0038,0.1694,1.3076,0.0120,1.9877,0.0676,0.0000,0.0800,0.0616,9.4440,0.0218,0.0221,0.3333,1.0000,0.0953,0.0954,0.0948,0.3333,0.0953,0.0957,0.0954,0.0946,326
17,0.2781,0.0037,0.1616,1.3080,0.0117,1.9876,0.0660,0.0000,0.0800,0.0578,9.2101,0.0061,0.0057,0.3333,1.0000,0.0960,0.0951,0.0955,0.3333,0.0948,0.0944,0.0956,0.0953,326
18,0.2717,0.0037,0.1550,1.3087,0.0115,1.9871,0.0644,-0.0000,0.0800,0.0547,9.4135,0.0169,0.0173,0.3333,1.0000,0.0955,0.0943,0.0960,0.3333,0.0951,0.0949,0.0953,0.0955,326
19,0.2685,0.0038,0.1513,1.3047,0.0117,1.9893,0.0636,-0.0000,0.0800,0.0529,10.0835,0.0040,0.0039,0.3333,1.0000,0.0951,0.0957,0.0951,0.3333,0.0954,0.0954,0.0953,0.0947,326
20,0.2605,0.0037,0.1447,1.3026,0.0112,1.9905,0.0649,-0.0000,0.0800,0.0499,9.0252,0.0291,0.0269,0.3333,1.0000,0.0951,0.0948,0.0954,0.3333,0.0952,0.0957,0.0954,0.0951,326
21,0.2628,0.0037,0.1468,1.2937,0.0112,1.9949,0.0674,-0.0000,0.0800,0.0518,9.8769,0.0038,0.0039,0.3333,1.0000,0.0959,0.0956,0.0949,0.3333,0.0952,0.0944,0.0951,0.0955,326
22,0.2699,0.0037,0.1549,1.2790,0.0115,2.0023,0.0794,-0.0000,0.0800,0.0560,10.0829,0.0083,0.0082,0.3333,1.0000,0.0954,0.0954,0.0945,0.3333,0.0956,0.0963,0.0952,0.0942,326
23,0.2676,0.0037,0.1529,1.2753,0.0112,2.0043,0.0776,-0.0000,0.0800,0.0548,10.0838,0.0046,0.0045,0.3333,1.0000,0.0958,0.0960,0.0947,0.3333,0.0947,0.0951,0.0947,0.0956,326
24,0.2880,0.0036,0.1741,1.2523,0.0121,2.0152,0.0944,-0.0000,0.0800,0.0662,11.1026,0.0010,0.0010,0.3333,1.0000,0.0958,0.0961,0.0952,0.3333,0.0960,0.0952,0.0936,0.0947,326
25,0.2935,0.0036,0.1819,1.2430,0.0126,2.0194,0.1061,-0.0000,0.0800,0.0704,9.5239,0.0207,0.0181,0.3333,1.0000,0.0950,0.0969,0.0939,0.3333,0.0957,0.0942,0.0938,0.0972,326
26,0.2993,0.0037,0.1893,1.2367,0.0115,2.0222,0.1094,-0.0000,0.0800,0.0743,8.3988,0.0173,0.0181,0.3333,1.0000,0.0956,0.0942,0.0949,0.3333,0.0971,0.0942,0.0955,0.0951,326
27,0.3023,0.0037,0.1909,1.2383,0.0123,2.0217,0.1049,-0.0000,0.0800,0.0750,9.6038,0.0065,0.0078,0.3333,1.0000,0.0941,0.0941,0.0964,0.3333,0.0951,0.0965,0.0952,0.0952,326
28,0.3077,0.0037,0.1961,1.2335,0.0122,2.0237,0.1129,-0.0000,0.0800,0.0781,10.2088,0.0063,0.0057,0.3333,1.0000,0.0936,0.0942,0.0958,0.3333,0.0950,0.0955,0.0963,0.0963,326
29,0.3128,0.0037,0.1999,1.2322,0.0125,2.0243,0.1142,-0.0000,0.0800,0.0803,11.6217,0.0007,0.0008,0.3333,1.0000,0.0956,0.0933,0.0952,0.3333,0.0959,0.0959,0.0956,0.0951,326
30,0.3246,0.0036,0.2150,1.2217,0.0122,2.0287,0.1248,-0.0000,0.0800,0.0890,9.3211,0.0273,0.0219,0.3333,1.0000,0.0953,0.0964,0.0945,0.3333,0.0948,0.0962,0.0951,0.0944,326
31,0.3400,0.0036,0.2294,1.2129,0.0132,2.0325,0.1382,-0.0000,0.0800,0.0959,10.9750,0.0021,0.0022,0.3333,1.0000,0.0968,0.0923,0.0952,0.3333,0.0960,0.0948,0.0966,0.0949,326
32,0.3511,0.0038,0.2392,1.2127,0.0136,2.0326,0.1409,-0.0000,0.0800,0.1015,12.1249,0.0006,0.0006,0.3333,1.0000,0.0947,0.0946,0.0954,0.3333,0.0930,0.0979,0.0971,0.0939,326
33,0.3525,0.0037,0.2418,1.2176,0.0130,2.0304,0.1301,-0.0000,0.0800,0.1032,10.5772,0.0154,0.0111,0.3333,1.0000,0.0946,0.0950,0.0946,0.3333,0.0954,0.0976,0.0951,0.0943,326
34,0.3475,0.0037,0.2368,1.2204,0.0138,2.0292,0.1325,-0.0000,0.0800,0.1002,10.4230,0.0124,0.0141,0.3333,1.0000,0.0935,0.0942,0.0964,0.3333,0.0944,0.0976,0.0963,0.0942,326
35,0.3657,0.0036,0.2562,1.2072,0.0143,2.0346,0.1444,-0.0000,0.0800,0.1119,10.2629,0.0107,0.0098,0.3333,1.0000,0.0938,0.0930,0.0963,0.3333,0.0974,0.0966,0.0946,0.0950,326
36,0.3674,0.0037,0.2567,1.2128,0.0136,2.0320,0.1384,-0.0000,0.0800,0.1119,11.0450,0.0007,0.0007,0.3333,1.0000,0.0944,0.0940,0.0962,0.3333,0.0973,0.0961,0.0944,0.0943,325
37,0.3711,0.0035,0.2616,1.2144,0.0138,2.0312,0.1385,-0.0000,0.0800,0.1151,9.7403,0.0242,0.0127,0.3333,1.0000,0.0949,0.0939,0.0951,0.3333,0.0962,0.0969,0.0946,0.0952,326
38,0.3728,0.0036,0.2624,1.2178,0.0157,2.0291,0.1366,-0.0000,0.0800,0.1159,10.3664,0.0107,0.0113,0.3333,1.0000,0.0949,0.0934,0.0976,0.3333,0.0940,0.0960,0.0944,0.0963,325
39,0.3827,0.0038,0.2726,1.2102,0.0166,2.0318,0.1434,-0.0000,0.0800,0.1219,10.5291,0.0079,0.0089,0.3333,1.0000,0.0956,0.0909,0.0972,0.3333,0.0944,0.0960,0.0968,0.0959,326
40,0.3906,0.0037,0.2789,1.2176,0.0188,2.0269,0.1393,-0.0000,0.0800,0.1266,11.5976,0.0012,0.0012,0.3333,1.0000,0.0954,0.0942,0.0998,0.3333,0.0937,0.0962,0.0939,0.0934,326
41,0.3923,0.0037,0.2802,1.2169,0.0192,2.0253,0.1405,-0.0000,0.0800,0.1284,12.0730,0.0004,0.0003,0.3333,1.0000,0.0943,0.0941,0.0975,0.3333,0.0949,0.0975,0.0949,0.0934,326
42,0.4024,0.0036,0.2899,1.2191,0.0219,2.0212,0.1395,-0.0000,0.0800,0.1343,12.2875,0.0091,0.0088,0.3332,0.9997,0.0956,0.0946,0.0940,0.3332,0.0952,0.0969,0.0960,0.0944,325
43,0.4075,0.0038,0.2966,1.2193,0.0223,2.0184,0.1357,-0.0000,0.0800,0.1389,10.5504,0.0037,0.0042,0.3303,0.9908,0.0927,0.0965,0.0939,0.3303,0.0966,0.0979,0.0972,0.0949,326
44,0.4187,0.0037,0.3081,1.2196,0.0227,2.0158,0.1225,-0.0000,0.0800,0.1491,10.3500,0.0267,0.0235,0.3225,0.9675,0.0957,0.0976,0.0967,0.3208,0.0972,0.1001,0.0970,0.0948,326
45,0.4324,0.0037,0.3218,1.2152,0.0224,2.0155,0.1135,-0.0000,0.0800,0.1626,10.6738,0.0016,0.0017,0.3140,0.9419,0.0957,0.0993,0.0982,0.3087,0.1028,0.1005,0.0988,0.0960,326
46,0.4213,0.0037,0.3088,1.2319,0.0203,2.0089,0.1038,-0.0000,0.0800,0.1520,11.2675,0.0108,0.0080,0.3166,0.9498,0.0954,0.0990,0.0983,0.3121,0.1001,0.0994,0.0992,0.0965,326
47,0.4394,0.0038,0.3285,1.2189,0.0199,2.0139,0.1068,-0.0000,0.0800,0.1678,10.5735,0.0098,0.0096,0.3114,0.9342,0.1000,0.0986,0.0997,0.3025,0.0986,0.1007,0.1016,0.0984,326
48,0.4366,0.0036,0.3255,1.2245,0.0197,2.0109,0.0977,-0.0000,0.0800,0.1688,10.4518,0.0061,0.0068,0.3090,0.9271,0.1019,0.0996,0.1007,0.2946,0.1011,0.1004,0.1014,0.1004,326
49,0.4391,0.0038,0.3263,1.2263,0.0180,2.0106,0.0923,-0.0000,0.0800,0.1702,11.9452,0.0004,0.0004,0.3094,0.9283,0.1016,0.1002,0.1021,0.2928,0.1011,0.0999,0.1020,0.1004,325
50,0.4534,0.0036,0.3403,1.2288,0.0173,2.0094,0.0893,-0.0000,0.0800,0.1794,12.1795,0.0014,0.0014,0.3065,0.9196,0.1008,0.1035,0.1011,0.2859,0.1013,0.1029,0.1014,0.1031,326
51,0.4485,0.0036,0.3370,1.2304,0.0156,2.0080,0.0899,-0.0000,0.0800,0.1784,10.4284,0.0146,0.0128,0.3063,0.9189,0.1016,0.1018,0.1023,0.2866,0.1012,0.1033,0.1024,0.1009,326
52,0.4662,0.0036,0.3543,1.2259,0.0151,2.0095,0.0891,-0.0000,0.0800,0.1883,11.1869,0.0059,0.0064,0.3052,0.9155,0.1020,0.1026,0.1012,0.2837,0.1033,0.1016,0.1038,0.1018,326
53,0.4689,0.0038,0.3567,1.2231,0.0141,2.0111,0.0881,-0.0000,0.0800,0.1912,11.6309,0.0033,0.0041,0.3038,0.9113,0.1024,0.1031,0.1022,0.2789,0.1023,0.1034,0.1043,0.1034,326
54,0.4730,0.0036,0.3615,1.2233,0.0142,2.0105,0.0838,-0.0000,0.0800,0.1955,11.0957,0.0082,0.0071,0.3031,0.9093,0.1029,0.1048,0.1032,0.2739,0.1035,0.1033,0.1044,0.1040,326
55,0.4855,0.0037,0.3735,1.2190,0.0132,2.0122,0.0858,-0.0000,0.0800,0.2038,11.8281,0.0047,0.0044,0.3006,0.9019,0.1023,0.1053,0.1034,0.2715,0.1042,0.1049,0.1038,0.1046,326
56,0.4903,0.0037,0.3785,1.2276,0.0121,2.0078,0.0771,-0.0000,0.0800,0.2064,10.9718,0.0077,0.0083,0.2992,0.8977,0.1050,0.1039,0.1038,0.2693,0.1052,0.1046,0.1034,0.1048,326
57,0.5071,0.0037,0.3942,1.2159,0.0119,2.0122,0.0799,-0.0000,0.0800,0.2198,12.9620,0.0003,0.0003,0.2955,0.8865,0.1064,0.1059,0.1055,0.2600,0.1052,0.1054,0.1057,0.1059,325
58,0.5024,0.0036,0.3905,1.2179,0.0112,2.0110,0.0796,-0.0000,0.0800,0.2175,11.8765,0.0030,0.0031,0.2964,0.8891,0.1042,0.1052,0.1069,0.2592,0.1070,0.1071,0.1055,0.1048,325
59,0.4916,0.0037,0.3810,1.2296,0.0107,2.0061,0.0806,-0.0000,0.0800,0.2084,9.6261,0.0216,0.0192,0.2998,0.8993,0.1039,0.1048,0.1048,0.2671,0.1051,0.1048,0.1042,0.1053,326
60,0.5353,0.0037,0.4239,1.2125,0.0106,2.0113,0.0774,-0.0000,0.0800,0.2431,11.7295,0.0031,0.0032,0.2909,0.8728,0.1082,0.1077,0.1085,0.2464,0.1068,0.1075,0.1074,0.1074,326
61,0.5222,0.0037,0.4097,1.2286,0.0105,2.0048,0.0773,-0.0000,0.0800,0.2275,11.6296,0.0052,0.0063,0.2941,0.8822,0.1054,0.1060,0.1064,0.2580,0.1056,0.1052,0.1061,0.1073,325
62,0.5262,0.0038,0.4138,1.2265,0.0102,2.0061,0.0798,-0.0000,0.0800,0.2305,11.6668,0.0047,0.0046,0.2950,0.8850,0.1065,0.1060,0.1063,0.2562,0.1064,0.1062,0.1067,0.1058,325
63,0.5204,0.0037,0.4085,1.2354,0.0100,2.0019,0.0819,-0.0000,0.0800,0.2243,10.4194,0.0167,0.0155,0.2966,0.8897,0.1045,0.1053,0.1061,0.2638,0.1050,0.1041,0.1047,0.1065,326
64,0.5283,0.0036,0.4150,1.2305,0.0095,2.0039,0.0804,-0.0000,0.0800,0.2306,12.3178,0.0013,0.0017,0.2968,0.8904,0.1063,0.1069,0.1066,0.2578,0.1047,0.1061,0.1050,0.1065,325
65,0.5440,0.0036,0.4302,1.2215,0.0091,2.0068,0.0772,-0.0000,0.0800,0.2441,13.5130,0.0004,0.0004,0.2916,0.8747,0.1071,0.1076,0.1085,0.2474,0.1073,0.1073,0.1073,0.1076,325
66,0.5553,0.0036,0.4424,1.2162,0.0087,2.0078,0.0776,-0.0000,0.0800,0.2540,12.9794,0.0005,0.0005,0.2890,0.8669,0.1079,0.1081,0.1087,0.2395,0.1085,0.1095,0.1085,0.1092,325
67,0.5733,0.0037,0.4630,1.2159,0.0085,2.0067,0.0786,-0.0000,0.0800,0.2651,10.3678,0.0225,0.0252,0.2883,0.8648,0.1064,0.1084,0.1084,0.2416,0.1090,0.1090,0.1094,0.1076,325
68,0.5687,0.0037,0.4566,1.2207,0.0086,2.0040,0.0805,-0.0000,0.0800,0.2598,11.7654,0.0034,0.0025,0.2884,0.8652,0.1091,0.1077,0.1074,0.2422,0.1092,0.1080,0.1076,0.1086,325
69,0.5611,0.0038,0.4476,1.2320,0.0080,2.0002,0.0784,-0.0000,0.0800,0.2537,12.2055,0.0008,0.0007,0.2923,0.8768,0.1067,0.1080,0.1080,0.2465,0.1090,0.1071,0.1065,0.1082,325
70,0.5674,0.0037,0.4566,1.2222,0.0074,2.0033,0.0781,-0.0000,0.0800,0.2625,10.4012,0.0130,0.0121,0.2867,0.8601,0.1090,0.1072,0.1093,0.2375,0.1092,0.1083,0.1093,0.1102,325
71,0.5957,0.0037,0.4841,1.2084,0.0074,2.0068,0.0819,-0.0000,0.0800,0.2808,12.2936,0.0006,0.0007,0.2823,0.8469,0.1094,0.1092,0.1095,0.2304,0.1101,0.1092,0.1118,0.1105,325
72,0.5824,0.0037,0.4693,1.2281,0.0071,1.9996,0.0784,-0.0000,0.0800,0.2672,12.1915,0.0010,0.0010,0.2876,0.8628,0.1081,0.1092,0.1086,0.2414,0.1078,0.1081,0.1087,0.1081,325
73,0.5929,0.0037,0.4794,1.2195,0.0065,2.0017,0.0818,-0.0000,0.0800,0.2764,13.3297,0.0009,0.0011,0.2834,0.8503,0.1095,0.1100,0.1091,0.2338,0.1096,0.1096,0.1094,0.1089,325
74,0.6020,0.0036,0.4915,1.2160,0.0061,2.0033,0.0802,-0.0000,0.0800,0.2846,10.7078,0.0086,0.0081,0.2847,0.8540,0.1103,0.1087,0.1099,0.2314,0.1096,0.1099,0.1099,0.1103,325
75,0.6072,0.0038,0.4936,1.2179,0.0061,2.0014,0.0826,-0.0000,0.0800,0.2859,13.3843,0.0006,0.0005,0.2809,0.8427,0.1099,0.1093,0.1102,0.2307,0.1095,0.1101,0.1098,0.1104,325
76,0.6093,0.0037,0.4964,1.2263,0.0061,1.9969,0.0785,-0.0000,0.0800,0.2868,12.1449,0.0154,0.0132,0.2819,0.8456,0.1096,0.1090,0.1096,0.2315,0.1106,0.1101,0.1093,0.1103,325
77,0.6137,0.0037,0.5016,1.2277,0.0057,1.9964,0.0756,-0.0000,0.0800,0.2886,11.2963,0.0045,0.0043,0.2833,0.8498,0.1082,0.1088,0.1092,0.2351,0.1090,0.1095,0.1101,0.1102,325
78,0.6233,0.0037,0.5101,1.2222,0.0061,1.9987,0.0854,-0.0000,0.0800,0.2951,12.7313,0.0034,0.0035,0.2830,0.8491,0.1096,0.1103,0.1095,0.2294,0.1103,0.1102,0.1105,0.1102,325
79,0.6273,0.0037,0.5130,1.2248,0.0051,1.9960,0.0794,-0.0000,0.0800,0.2955,13.6950,0.0009,0.0009,0.2805,0.8416,0.1099,0.1087,0.1094,0.2316,0.1097,0.1111,0.1099,0.1096,326
80,0.6361,0.0037,0.5216,1.2200,0.0056,1.9960,0.0859,-0.0000,0.0800,0.3050,14.3060,0.0001,0.0001,0.2786,0.8358,0.1104,0.1111,0.1122,0.2218,0.1118,0.1109,0.1111,0.1106,325
81,0.5632,0.0037,0.4453,1.2597,0.0042,1.9804,0.0593,-0.0000,0.0800,0.2498,14.6163,0.0002,0.0004,0.2811,0.8434,0.1084,0.1076,0.1066,0.2450,0.1066,0.1083,0.1095,0.1080,326
